{
  "_id": "1034a727-bfcb-449e-a1cb-bc88ea58c353",
  "aiPersonaId": "e775658f-c3ee-44a2-8d9c-6dbead22d255",
  "integrationId": "generate-summary-5830",
  "name": "Workflow for Generate Summary",
  "publisherAccountId": "afbe7883-070f-4170-8eb0-2d8b313852b4",
  "startTaskId": "1742810323506",
  "status": "Active",
  "tasks": [
    {
      "_id": "394760e2-3e98-4d3f-8e6c-aff79287ab03",
      "type": "Display",
      "config": {
        "description": "Display the response to the user",
        "name": "Display",
        "type": "text",
        "text": "<p><span class=\"text-inherit p-0 m-0 text-primary-dark bg-primary-light/80\" data-type=\"mention\" data-id=\"input.content\">$input.content</span> </p>",
        "formatVariables": []
      },
      "transitions": []
    },
    {
      "_id": "1742810323506",
      "type": "Loader",
      "config": {
        "name": "Loader",
        "description": "Show loading messages in conversation",
        "text": "Lets Get your document ready,\nPreparing for the upload now.\n"
      },
      "transitions": [
        {
          "name": "Default",
          "_id": "1742810323506-1742810435585",
          "nextTask": "1742810435585"
        }
      ]
    },
    {
      "_id": "1742810435585",
      "type": "DocumentUpload",
      "config": {
        "name": "Upload Document ",
        "description": "Upload document",
        "uploadTo": "conversation",
        "uploadMethod": "UserInput",
        "supportedFileTypes": [
          "pdf"
        ],
        "displayMessage": "I am ready, please upload your documents"
      },
      "transitions": [
        {
          "name": "Default",
          "_id": "1742810435585-1742810618012",
          "nextTask": "1742810618012"
        }
      ],
      "globalVariables": [
        {
          "name": "documentId",
          "referencePath": "$output.documentId"
        }
      ]
    },
    {
      "_id": "1742810618012",
      "type": "DocumentToImage",
      "config": {
        "name": "Document To Image",
        "description": "Convert document to Images",
        "documentId": "$agent.documentId"
      },
      "transitions": [
        {
          "name": "Default",
          "_id": "1742810618012-1742810634566",
          "nextTask": "1742810634566"
        }
      ]
    },
    {
      "_id": "1742810634566",
      "type": "JSFunction",
      "config": {
        "name": "JavaScript",
        "description": "Execute JavaScript code",
        "snippetId": "20d99043-cd62-4039-81a9-9e721f9f3304"
      },
      "transitions": [
        {
          "name": "Default",
          "_id": "1742810634566-1742810694294",
          "nextTask": "1742810694294"
        }
      ]
    },
    {
      "_id": "1742810694294",
      "type": "Prompt",
      "config": {
        "name": "Prompt",
        "description": "Prompt for LLM",
        "modelId": "56feb720-adb7-464a-8e6b-fd79a510ba5b",
        "base64DocumentData": "",
        "documentIds": "$input.result",
        "responseFormat": "text",
        "query": "Generate summary of given document",
        "systemPrompt": "You are an AI assistant specialized in summarizing educational documents, making them easier for students to understand and study. Your task is to generate structured summaries, key points, and probable exam questions based on the content.\n\nOutput Structure:\n\nBrief Summary – A concise overview of the document’s key topics, concepts, and important details.\n\nKey Points – Extracted key facts, concepts, definitions, and formulas that are essential for understanding and studying.\n\nProbable Exam Questions – Suggested questions that could be asked on exams based on the content, including potential multiple-choice, short-answer, and essay questions.\n\nGuidelines:\n\nMaintain accuracy while simplifying complex academic language.\n\nFocus on important topics, theories, dates, equations, or terms that are likely to appear on exams.\n\nPresent information in bullet points for clarity.\n\nIf any section is unclear or lacks sufficient detail, indicate the ambiguity (e.g., missing context, incomplete explanation).\n\nYour goal is to make educational content easier for students to study, helping them identify critical information and preparing them for possible exam questions.\n",
        "temperature": null
      },
      "transitions": [
        {
          "name": "Default",
          "_id": "1742810694294-394760e2-3e98-4d3f-8e6c-aff79287ab03",
          "nextTask": "394760e2-3e98-4d3f-8e6c-aff79287ab03"
        }
      ]
    }
  ],
  "type": "Conversational",
  "version": "latest",
  "reactflow": {
    "viewport": {
      "x": 118.96525119086948,
      "y": 97.79552406104298,
      "zoom": 0.8458907427568577
    },
    "nodes": [
      {
        "id": "0",
        "type": "Start",
        "position": {
          "x": 342,
          "y": 18
        },
        "data": {},
        "deletable": false,
        "measured": {
          "width": 320,
          "height": 176
        },
        "selected": false,
        "dragging": false
      },
      {
        "position": {
          "x": 1056.183457527792,
          "y": 199.1486218627902
        },
        "type": "Display",
        "id": "394760e2-3e98-4d3f-8e6c-aff79287ab03",
        "data": {},
        "measured": {
          "width": 298,
          "height": 78
        },
        "selected": false,
        "dragging": false
      },
      {
        "id": "1742810323506",
        "type": "Loader",
        "position": {
          "x": 342,
          "y": 244.49111630907038
        },
        "data": {},
        "measured": {
          "width": 320,
          "height": 78
        },
        "selected": false,
        "dragging": false
      },
      {
        "id": "1742810435585",
        "type": "DocumentUpload",
        "position": {
          "x": 371.57489113486406,
          "y": 365.9088287786786
        },
        "data": {},
        "measured": {
          "width": 260,
          "height": 78
        },
        "selected": false,
        "dragging": false
      },
      {
        "id": "1742810618012",
        "type": "DocumentToImage",
        "position": {
          "x": 715.2260439534133,
          "y": 306.4507167157797
        },
        "data": {},
        "measured": {
          "width": 277,
          "height": 78
        },
        "selected": false,
        "dragging": false
      },
      {
        "id": "1742810634566",
        "type": "JSFunction",
        "position": {
          "x": 723.4167588239161,
          "y": 199.1486218627902
        },
        "data": {},
        "measured": {
          "width": 260,
          "height": 78
        },
        "selected": false,
        "dragging": false
      },
      {
        "id": "1742810694294",
        "type": "Prompt",
        "position": {
          "x": 723.4167588239161,
          "y": 97.03622761365105
        },
        "data": {},
        "measured": {
          "width": 260,
          "height": 78
        },
        "selected": false,
        "dragging": false
      }
    ],
    "edges": [
      {
        "id": "0-1742810323506",
        "source": "0",
        "target": "1742810323506",
        "type": "Start",
        "markerEnd": {
          "type": "arrowclosed",
          "width": 22,
          "height": 22
        },
        "sourceHandle": "0-source-1",
        "targetHandle": "1742810323506-target-2",
        "selected": false
      },
      {
        "id": "1742810323506-1742810435585",
        "source": "1742810323506",
        "target": "1742810435585",
        "type": "Transition",
        "markerEnd": {
          "type": "arrowclosed",
          "width": 22,
          "height": 22
        },
        "sourceHandle": "1742810323506-source-3",
        "targetHandle": "1742810435585-target-2",
        "selected": false
      },
      {
        "id": "1742810618012-1742810634566",
        "source": "1742810618012",
        "target": "1742810634566",
        "type": "Transition",
        "markerEnd": {
          "type": "arrowclosed",
          "width": 22,
          "height": 22
        },
        "sourceHandle": "1742810618012-source-2",
        "targetHandle": "1742810634566-target-3",
        "selected": false
      },
      {
        "id": "1742810435585-1742810618012",
        "source": "1742810435585",
        "target": "1742810618012",
        "type": "Transition",
        "markerEnd": {
          "type": "arrowclosed",
          "width": 22,
          "height": 22
        },
        "sourceHandle": "1742810435585-source-1",
        "targetHandle": "1742810618012-target-3",
        "selected": false
      },
      {
        "id": "1742810634566-1742810694294",
        "source": "1742810634566",
        "target": "1742810694294",
        "type": "Transition",
        "markerEnd": {
          "type": "arrowclosed",
          "width": 22,
          "height": 22
        },
        "sourceHandle": "1742810634566-source-2",
        "targetHandle": "1742810694294-target-3",
        "selected": false
      },
      {
        "id": "1742810694294-394760e2-3e98-4d3f-8e6c-aff79287ab03",
        "source": "1742810694294",
        "target": "394760e2-3e98-4d3f-8e6c-aff79287ab03",
        "type": "Transition",
        "markerEnd": {
          "type": "arrowclosed",
          "width": 22,
          "height": 22
        },
        "sourceHandle": "1742810694294-source-1",
        "targetHandle": "394760e2-3e98-4d3f-8e6c-aff79287ab03-target-2",
        "selected": false
      }
    ]
  }
}