{
  "_id": "1db58c93-b84c-43f2-9654-6eae4e371739",
  "aiPersonaId": "e775658f-c3ee-44a2-8d9c-6dbead22d255",
  "integrationId": "ma-document-summarization-5766-primary-workflow-for-document-summarization",
  "isMiniAgentPrimaryWorkflow": true,
  "name": "Primary Workflow for Document Summarization",
  "publisherAccountId": "afbe7883-070f-4170-8eb0-2d8b313852b4",
  "startTaskId": "213d6a37-13f2-40ad-b21b-776e1dc503fe",
  "status": "Active",
  "tasks": [
    {
      "_id": "213d6a37-13f2-40ad-b21b-776e1dc503fe",
      "type": "PassThrough",
      "config": {
        "name": "Pass Through",
        "description": "Pass through the input to the output"
      },
      "transitions": [
        {
          "_id": "535c1517-994f-4a36-8e9e-3a2df661abb4-213d6a37-13f2-40ad-b21b-776e1dc503fe",
          "nextTask": "535c1517-994f-4a36-8e9e-3a2df661abb4",
          "name": "If query doesnt exists",
          "rules": [
            {
              "type": "any",
              "operator": "notExists",
              "path": "$output.query"
            }
          ]
        },
        {
          "_id": "037c98b7-e6f5-4686-97d8-3501d591a6c9-213d6a37-13f2-40ad-b21b-776e1dc503fe",
          "nextTask": "037c98b7-e6f5-4686-97d8-3501d591a6c9",
          "name": "If intents are already classified",
          "rules": [
            {
              "type": "any",
              "operator": "exists",
              "path": "$output.intents"
            },
            {
              "type": "any",
              "operator": "exists",
              "path": "$output.query"
            }
          ]
        },
        {
          "_id": "213d6a37-13f2-40ad-b21b-776e1dc503fe-6fc86c8d-e63e-4227-9d69-23b056d33c58",
          "name": "If query exists",
          "nextTask": "6fc86c8d-e63e-4227-9d69-23b056d33c58",
          "rules": [
            {
              "type": "any",
              "operator": "exists",
              "path": "$output.query"
            },
            {
              "type": "any",
              "operator": "notExists",
              "path": "$output.intents"
            }
          ]
        }
      ],
      "globalVariables": [
        {
          "name": "query",
          "referencePath": "$input.query"
        },
        {
          "name": "conversationId",
          "referencePath": "$input.conversationId"
        }
      ]
    },
    {
      "_id": "535c1517-994f-4a36-8e9e-3a2df661abb4",
      "type": "Input",
      "config": {
        "name": "User Input",
        "description": "Get user input",
        "type": "string"
      },
      "transitions": [
        {
          "_id": "535c1517-994f-4a36-8e9e-3a2df661abb4-6fc86c8d-e63e-4227-9d69-23b056d33c58",
          "name": "Default",
          "nextTask": "6fc86c8d-e63e-4227-9d69-23b056d33c58"
        }
      ],
      "globalVariables": [
        {
          "name": "query",
          "referencePath": "$output.userInput"
        },
        {
          "name": "selfLoopMiniAgent",
          "referencePath": "true"
        }
      ]
    },
    {
      "_id": "6fc86c8d-e63e-4227-9d69-23b056d33c58",
      "type": "Loader",
      "config": {
        "name": "Loader",
        "description": "Display loader message",
        "type": "loader",
        "text": "Just a moment... identifying the best approach to assist you."
      },
      "transitions": [
        {
          "_id": "6fc86c8d-e63e-4227-9d69-23b056d33c58-49e27b30-c89c-4c25-861f-47f16aff237f",
          "name": "Default",
          "nextTask": "49e27b30-c89c-4c25-861f-47f16aff237f"
        }
      ]
    },
    {
      "_id": "49e27b30-c89c-4c25-861f-47f16aff237f",
      "type": "IntentClassification",
      "config": {
        "name": "Intent Classification",
        "description": "Classify the intent of the user message",
        "modelId": "4cf651d9-edf3-455f-a22e-53cc67fcc07b",
        "intents": [
          {
            "name": "Generate Summary",
            "description": "Processes an educational document and produces a simplified summary that highlights key points and concepts, making it easier for students to grasp the material.",
            "examples": [
              "Can you summarize this chapter from my biology textbook?",
              "I need a simplified summary of this research paper on climate change.",
              "Please provide a clear summary of these lecture notes on calculus."
            ]
          }
        ],
        "query": "$agent.query"
      },
      "transitions": [
        {
          "_id": "49e27b30-c89c-4c25-861f-47f16aff237f-037c98b7-e6f5-4686-97d8-3501d591a6c9",
          "name": "If Intent is Matched",
          "rules": [
            {
              "type": "string",
              "operator": "equal",
              "path": "$output.intentMatched",
              "value": "true"
            }
          ],
          "nextTask": "037c98b7-e6f5-4686-97d8-3501d591a6c9"
        },
        {
          "_id": "49e27b30-c89c-4c25-861f-47f16aff237f-5624de44-9956-4e71-8aa9-5a412824abac",
          "name": "If No Intent is Matched",
          "rules": [
            {
              "type": "string",
              "operator": "equal",
              "path": "$output.intentMatched",
              "value": "false"
            }
          ],
          "nextTask": "5624de44-9956-4e71-8aa9-5a412824abac"
        }
      ]
    },
    {
      "_id": "037c98b7-e6f5-4686-97d8-3501d591a6c9",
      "type": "JSFunction",
      "config": {
        "name": "JS Function",
        "description": "Execute JS function",
        "code": "\nconst main = () => {\n    const currentExecutionId = _id;\n    const intents = agent?.icIntents?.[currentExecutionId] || input.intents;\n    const currentIndex = agent?.icLoopIndexes?.[currentExecutionId] || 0;\n    const currentIntent = intents[currentIndex] || {};\n    const { intent, task } = currentIntent;\n    const state = currentIndex === intents.length ? 'end' : 'continue'\n    const icLoopIndexes = { ...(agent?.icLoopIndexes || {}), [_id]: state === 'end' ? undefined : currentIndex + 1 };\n    const icIntents = { ...(agent?.icIntents || {}), [_id]: state === 'end' ? undefined : intents };\n    return { ...input, intent, state: currentIndex === intents.length ? 'end' : 'continue', icLoopIndexes, icIntents, query: task };\n};\n\nmain()\n"
      },
      "globalVariables": [
        {
          "referencePath": "$output.icLoopIndexes",
          "name": "icLoopIndexes"
        },
        {
          "referencePath": "$output.icIntents",
          "name": "icIntents"
        }
      ],
      "transitions": [
        {
          "_id": "037c98b7-e6f5-4686-97d8-3501d591a6c9-e3548c57-6af8-4242-99e8-e4e34a506193",
          "name": "If Intent is Matched",
          "rules": [
            {
              "type": "string",
              "operator": "equal",
              "path": "$output.intent",
              "value": "Generate Summary"
            }
          ],
          "nextTask": "e3548c57-6af8-4242-99e8-e4e34a506193"
        },
        {
          "_id": "037c98b7-e6f5-4686-97d8-3501d591a6c9-535c1517-994f-4a36-8e9e-3a2df661abb4",
          "name": "If Self Loop",
          "rules": [
            {
              "type": "string",
              "operator": "equal",
              "path": "$agent.selfLoopMiniAgent",
              "value": "true"
            },
            {
              "type": "string",
              "operator": "equal",
              "path": "$output.state",
              "value": "end"
            }
          ],
          "nextTask": "535c1517-994f-4a36-8e9e-3a2df661abb4"
        }
      ]
    },
    {
      "_id": "e3548c57-6af8-4242-99e8-e4e34a506193",
      "type": "Workflow",
      "config": {
        "name": "Intent - Generate Summary",
        "description": "Workflow for intent - Generate Summary",
        "workflowId": "1034a727-bfcb-449e-a1cb-bc88ea58c353"
      },
      "transitions": [
        {
          "_id": "e3548c57-6af8-4242-99e8-e4e34a506193-037c98b7-e6f5-4686-97d8-3501d591a6c9",
          "name": "Mini agent execution completed",
          "nextTask": "037c98b7-e6f5-4686-97d8-3501d591a6c9"
        }
      ]
    },
    {
      "_id": "5624de44-9956-4e71-8aa9-5a412824abac",
      "transitions": [
        {
          "_id": "5624de44-9956-4e71-8aa9-5a412824abac-535c1517-994f-4a36-8e9e-3a2df661abb4",
          "name": "If Self Loop",
          "rules": [
            {
              "type": "string",
              "operator": "equal",
              "path": "$agent.selfLoopMiniAgent",
              "value": "true"
            }
          ],
          "nextTask": "535c1517-994f-4a36-8e9e-3a2df661abb4"
        }
      ],
      "type": "Output",
      "config": {
        "name": "Output",
        "description": "Output the response to the user",
        "type": "external",
        "text": "Unable to complete task $agent.query"
      }
    },
    {
      "_id": "49861859-0991-44f5-9441-3dee610e9feb",
      "transitions": [
        {
          "_id": "49861859-0991-44f5-9441-3dee610e9feb-535c1517-994f-4a36-8e9e-3a2df661abb4",
          "name": "If Self Loop",
          "rules": [
            {
              "type": "string",
              "operator": "equal",
              "path": "$agent.selfLoopMiniAgent",
              "value": "true"
            }
          ],
          "nextTask": "535c1517-994f-4a36-8e9e-3a2df661abb4"
        }
      ],
      "type": "Display",
      "config": {
        "name": "Display",
        "description": "Display the response to the user",
        "type": "text",
        "text": "$input.content"
      }
    }
  ],
  "type": "Conversational",
  "version": "latest"
}