{
  "_id": "6bcbe050-76a2-4114-8b93-cbb76d4f1df1",
  "aiPersonaId": "da318ae5-1b31-452e-8a40-7ba51aec7617",
  "integrationId": "ma-report-structuring-6310-primary-workflow-for-report-structuring",
  "isMiniAgentPrimaryWorkflow": true,
  "name": "Primary Workflow for Report Structuring",
  "publisherAccountId": "dacf0233-34ab-40c2-9dbb-1b12d76fecc9",
  "startTaskId": "d4991993-4c27-420a-b7d5-d2bc1fe2d04a",
  "status": "Active",
  "tasks": [
    {
      "_id": "d4991993-4c27-420a-b7d5-d2bc1fe2d04a",
      "type": "PassThrough",
      "config": {
        "name": "Pass Through",
        "description": "Pass through the input to the output"
      },
      "transitions": [
        {
          "_id": "b1b9181f-52db-4502-bcf2-62c7cc20d7dc-d4991993-4c27-420a-b7d5-d2bc1fe2d04a",
          "nextTask": "b1b9181f-52db-4502-bcf2-62c7cc20d7dc",
          "name": "If query doesnt exists",
          "rules": [
            {
              "type": "any",
              "operator": "notExists",
              "path": "$output.query"
            }
          ]
        },
        {
          "_id": "b91557f5-5bc9-409b-98e3-6a11c9d51f99-d4991993-4c27-420a-b7d5-d2bc1fe2d04a",
          "nextTask": "b91557f5-5bc9-409b-98e3-6a11c9d51f99",
          "name": "If intents are already classified",
          "rules": [
            {
              "type": "any",
              "operator": "exists",
              "path": "$output.intents"
            },
            {
              "type": "any",
              "operator": "exists",
              "path": "$output.query"
            }
          ]
        },
        {
          "_id": "d4991993-4c27-420a-b7d5-d2bc1fe2d04a-80c429d9-1b2a-4473-a959-1e8891f6da92",
          "name": "If query exists",
          "nextTask": "80c429d9-1b2a-4473-a959-1e8891f6da92",
          "rules": [
            {
              "type": "any",
              "operator": "exists",
              "path": "$output.query"
            },
            {
              "type": "any",
              "operator": "notExists",
              "path": "$output.intents"
            }
          ]
        }
      ],
      "globalVariables": [
        {
          "name": "query",
          "referencePath": "$input.query"
        },
        {
          "name": "conversationId",
          "referencePath": "$input.conversationId"
        }
      ]
    },
    {
      "_id": "b1b9181f-52db-4502-bcf2-62c7cc20d7dc",
      "type": "Input",
      "config": {
        "name": "User Input",
        "description": "Get user input",
        "type": "string"
      },
      "transitions": [
        {
          "_id": "b1b9181f-52db-4502-bcf2-62c7cc20d7dc-80c429d9-1b2a-4473-a959-1e8891f6da92",
          "name": "Default",
          "nextTask": "80c429d9-1b2a-4473-a959-1e8891f6da92"
        }
      ],
      "globalVariables": [
        {
          "name": "query",
          "referencePath": "$output.userInput"
        },
        {
          "name": "selfLoopMiniAgent",
          "referencePath": "true"
        }
      ]
    },
    {
      "_id": "80c429d9-1b2a-4473-a959-1e8891f6da92",
      "type": "Loader",
      "config": {
        "name": "Loader",
        "description": "Display loader message",
        "type": "loader",
        "text": "Just a moment... identifying the best approach to assist you."
      },
      "transitions": [
        {
          "_id": "80c429d9-1b2a-4473-a959-1e8891f6da92-a1d02a11-b1aa-40da-b97d-d9cbf50a0719",
          "name": "Default",
          "nextTask": "a1d02a11-b1aa-40da-b97d-d9cbf50a0719"
        }
      ]
    },
    {
      "_id": "a1d02a11-b1aa-40da-b97d-d9cbf50a0719",
      "type": "IntentClassification",
      "config": {
        "name": "Intent Classification",
        "description": "Classify the intent of the user message",
        "modelId": "4cf651d9-edf3-455f-a22e-53cc67fcc07b",
        "intents": [
          {
            "name": "Summarize Medical Report",
            "description": "Processes detailed medical reports to extract and present key information in a concise and structured format. This includes summarizing diagnoses, treatment plans, and any critical findings.",
            "examples": [
              "Summarize this lab report for me.",
              "Can you provide a structured summary of my MRI results?",
              "What are the key points from this clinical note?"
            ]
          }
        ],
        "query": "$agent.query"
      },
      "transitions": [
        {
          "_id": "a1d02a11-b1aa-40da-b97d-d9cbf50a0719-b91557f5-5bc9-409b-98e3-6a11c9d51f99",
          "name": "If Intent is Matched",
          "rules": [
            {
              "type": "string",
              "operator": "equal",
              "path": "$output.intentMatched",
              "value": "true"
            }
          ],
          "nextTask": "b91557f5-5bc9-409b-98e3-6a11c9d51f99"
        },
        {
          "_id": "a1d02a11-b1aa-40da-b97d-d9cbf50a0719-08a33a15-4556-4866-a6d5-cf943d5c9883",
          "name": "If No Intent is Matched",
          "rules": [
            {
              "type": "string",
              "operator": "equal",
              "path": "$output.intentMatched",
              "value": "false"
            }
          ],
          "nextTask": "08a33a15-4556-4866-a6d5-cf943d5c9883"
        }
      ]
    },
    {
      "_id": "b91557f5-5bc9-409b-98e3-6a11c9d51f99",
      "type": "JSFunction",
      "config": {
        "name": "JS Function",
        "description": "Execute JS function",
        "code": "\nconst main = () => {\n    const currentExecutionId = _id;\n    const intents = agent?.icIntents?.[currentExecutionId] || input.intents;\n    const currentIndex = agent?.icLoopIndexes?.[currentExecutionId] || 0;\n    const currentIntent = intents[currentIndex] || {};\n    const { intent, task } = currentIntent;\n    const state = currentIndex === intents.length ? 'end' : 'continue'\n    const icLoopIndexes = { ...(agent?.icLoopIndexes || {}), [_id]: state === 'end' ? undefined : currentIndex + 1 };\n    const icIntents = { ...(agent?.icIntents || {}), [_id]: state === 'end' ? undefined : intents };\n    return { ...input, intent, state: currentIndex === intents.length ? 'end' : 'continue', icLoopIndexes, icIntents, query: task };\n};\n\nmain()\n"
      },
      "globalVariables": [
        {
          "referencePath": "$output.icLoopIndexes",
          "name": "icLoopIndexes"
        },
        {
          "referencePath": "$output.icIntents",
          "name": "icIntents"
        }
      ],
      "transitions": [
        {
          "_id": "b91557f5-5bc9-409b-98e3-6a11c9d51f99-b5d14a87-5d07-4665-b343-c811033fbbb4",
          "name": "If Intent is Matched",
          "rules": [
            {
              "type": "string",
              "operator": "equal",
              "path": "$output.intent",
              "value": "Summarize Medical Report"
            }
          ],
          "nextTask": "b5d14a87-5d07-4665-b343-c811033fbbb4"
        },
        {
          "_id": "b91557f5-5bc9-409b-98e3-6a11c9d51f99-b1b9181f-52db-4502-bcf2-62c7cc20d7dc",
          "name": "If Self Loop",
          "rules": [
            {
              "type": "string",
              "operator": "equal",
              "path": "$agent.selfLoopMiniAgent",
              "value": "true"
            },
            {
              "type": "string",
              "operator": "equal",
              "path": "$output.state",
              "value": "end"
            }
          ],
          "nextTask": "b1b9181f-52db-4502-bcf2-62c7cc20d7dc"
        }
      ]
    },
    {
      "_id": "b5d14a87-5d07-4665-b343-c811033fbbb4",
      "type": "Workflow",
      "config": {
        "name": "Intent - Summarize Medical Report",
        "description": "Workflow for intent - Summarize Medical Report",
        "workflowId": "d415b526-c851-493b-893b-58f22491f1d0"
      },
      "transitions": [
        {
          "_id": "b5d14a87-5d07-4665-b343-c811033fbbb4-b91557f5-5bc9-409b-98e3-6a11c9d51f99",
          "name": "Mini agent execution completed",
          "nextTask": "b91557f5-5bc9-409b-98e3-6a11c9d51f99"
        }
      ]
    },
    {
      "_id": "08a33a15-4556-4866-a6d5-cf943d5c9883",
      "transitions": [
        {
          "_id": "08a33a15-4556-4866-a6d5-cf943d5c9883-b1b9181f-52db-4502-bcf2-62c7cc20d7dc",
          "name": "If Self Loop",
          "rules": [
            {
              "type": "string",
              "operator": "equal",
              "path": "$agent.selfLoopMiniAgent",
              "value": "true"
            }
          ],
          "nextTask": "b1b9181f-52db-4502-bcf2-62c7cc20d7dc"
        }
      ],
      "type": "Output",
      "config": {
        "name": "Output",
        "description": "Output the response to the user",
        "type": "external",
        "text": "Unable to complete task $agent.query"
      }
    },
    {
      "_id": "f2f01cc8-c388-443d-a724-9776109aa08d",
      "transitions": [
        {
          "_id": "f2f01cc8-c388-443d-a724-9776109aa08d-b1b9181f-52db-4502-bcf2-62c7cc20d7dc",
          "name": "If Self Loop",
          "rules": [
            {
              "type": "string",
              "operator": "equal",
              "path": "$agent.selfLoopMiniAgent",
              "value": "true"
            }
          ],
          "nextTask": "b1b9181f-52db-4502-bcf2-62c7cc20d7dc"
        }
      ],
      "type": "Display",
      "config": {
        "name": "Display",
        "description": "Display the response to the user",
        "type": "text",
        "text": "$input.content"
      }
    }
  ],
  "type": "Conversational",
  "version": "latest"
}