{
  "_id": "d415b526-c851-493b-893b-58f22491f1d0",
  "aiPersonaId": "da318ae5-1b31-452e-8a40-7ba51aec7617",
  "integrationId": "summarize-medical-report-6363",
  "name": "Workflow for Summarize Medical Report",
  "publisherAccountId": "dacf0233-34ab-40c2-9dbb-1b12d76fecc9",
  "startTaskId": "1742805352430",
  "status": "Active",
  "tasks": [
    {
      "_id": "31866c30-0a27-444f-a4c4-79e661a4236d",
      "type": "Display",
      "config": {
        "description": "Display the response to the user",
        "name": "Display",
        "type": "text",
        "text": "<p><span class=\"text-inherit p-0 m-0 text-primary-dark bg-primary-light/80\" data-type=\"mention\" data-id=\"input.content\">$input.content</span> </p>",
        "formatVariables": []
      },
      "transitions": []
    },
    {
      "_id": "1742805339769",
      "type": "JSFunction",
      "config": {
        "description": "Execute JavaScript code",
        "name": "JavaScript",
        "snippetId": "5a944b47-330d-4338-8f9d-0f5e72079a40"
      },
      "transitions": [
        {
          "name": "Default",
          "_id": "1742805339769-1742807862721",
          "nextTask": "1742807862721"
        }
      ]
    },
    {
      "_id": "1742805352430",
      "type": "Loader",
      "config": {
        "description": "Show loading messages in conversation",
        "name": "Loader",
        "text": "Lets Get your report Ready,\nPreparing for upload now."
      },
      "transitions": [
        {
          "name": "Default",
          "_id": "1742805352430-1742807385327",
          "nextTask": "1742807385327"
        }
      ]
    },
    {
      "_id": "1742807385327",
      "type": "DocumentUpload",
      "config": {
        "description": "Upload document",
        "name": "Upload Document ",
        "uploadTo": "conversation",
        "uploadMethod": "UserInput",
        "supportedFileTypes": [
          "pdf"
        ],
        "displayMessage": "I am ready please upload your Medical Report."
      },
      "transitions": [
        {
          "name": "Default",
          "_id": "1742807385327-1742807406625",
          "nextTask": "1742807406625"
        }
      ],
      "globalVariables": [
        {
          "name": "documentId",
          "referencePath": "$output.documentId"
        }
      ]
    },
    {
      "_id": "1742807406625",
      "type": "DocumentToImage",
      "config": {
        "description": "Convert document to Images",
        "name": "Document To Image",
        "documentId": "$agent.documentId"
      },
      "transitions": [
        {
          "name": "Default",
          "_id": "1742807406625-1742805339769",
          "nextTask": "1742805339769"
        }
      ]
    },
    {
      "_id": "1742807862721",
      "type": "Prompt",
      "config": {
        "description": "Prompt for LLM",
        "name": "Prompt",
        "modelId": "56feb720-adb7-464a-8e6b-fd79a510ba5b",
        "base64DocumentData": "",
        "documentIds": "",
        "responseFormat": "text",
        "query": "Generate a Summary of the given Report ",
        "systemPrompt": "You are an AI assistant specialized in summarizing medical reports, making them easier to understand and actionable. Your task is to generate structured summaries, key medical findings, and simplified explanations in plain language.\n\nOutput Structure:\n\nBrief Summary – A concise overview of the patient's medical condition, treatment plan, and key findings.\n\nKey Medical Findings – Extracted diagnosis, test results, medications prescribed, and important observations.\n\nSimplified Explanation – A user-friendly breakdown of complex medical terms and procedures.\n\nGuidelines:\n\nMaintain accuracy while simplifying medical terminology.\n\nHighlight important information such as diagnosis, test results, treatments, medications, and follow-up care.\n\nPresent information in bullet points for clarity.\n\nIf any section is unclear or missing details (e.g., further tests or unclear diagnosis), indicate the ambiguity.\n\nYour goal is to make medical reports easier to understand and actionable while preserving essential details.",
        "temperature": null
      },
      "transitions": [
        {
          "name": "Default",
          "_id": "1742807862721-31866c30-0a27-444f-a4c4-79e661a4236d",
          "nextTask": "31866c30-0a27-444f-a4c4-79e661a4236d"
        }
      ]
    }
  ],
  "type": "Conversational",
  "version": "latest",
  "reactflow": {
    "viewport": {
      "x": 104.4078057042052,
      "y": 62.19672914062386,
      "zoom": 0.8277098915772193
    },
    "nodes": [
      {
        "id": "0",
        "type": "Start",
        "position": {
          "x": 351.5429305953305,
          "y": 194.61402874374102
        },
        "data": {},
        "deletable": false,
        "measured": {
          "width": 314,
          "height": 136
        },
        "selected": false
      },
      {
        "position": {
          "x": 1133.5811236192408,
          "y": 340.48483285603385
        },
        "type": "Display",
        "id": "31866c30-0a27-444f-a4c4-79e661a4236d",
        "data": {},
        "measured": {
          "width": 298,
          "height": 78
        },
        "selected": false,
        "dragging": false
      },
      {
        "position": {
          "x": 787.2489166325739,
          "y": 330.614028743741
        },
        "type": "JSFunction",
        "id": "1742805339769",
        "data": {},
        "measured": {
          "width": 260,
          "height": 78
        },
        "selected": false,
        "dragging": false
      },
      {
        "position": {
          "x": 351.5429305953305,
          "y": 381.4995958982844
        },
        "type": "Loader",
        "id": "1742805352430",
        "data": {},
        "measured": {
          "width": 320,
          "height": 78
        },
        "selected": false,
        "dragging": false
      },
      {
        "position": {
          "x": 381.74674989772154,
          "y": 510.5021667348524
        },
        "type": "DocumentUpload",
        "id": "1742807385327",
        "data": {},
        "measured": {
          "width": 260,
          "height": 78
        },
        "selected": false,
        "dragging": false
      },
      {
        "position": {
          "x": 778.7918472279043,
          "y": 441.7554168371308
        },
        "type": "DocumentToImage",
        "id": "1742807406625",
        "data": {},
        "measured": {
          "width": 277,
          "height": 78
        },
        "selected": false,
        "dragging": false
      },
      {
        "position": {
          "x": 787.248916632574,
          "y": 226.71031950694797
        },
        "type": "Prompt",
        "id": "1742807862721",
        "data": {},
        "measured": {
          "width": 260,
          "height": 78
        },
        "selected": false,
        "dragging": false
      }
    ],
    "edges": [
      {
        "id": "0-1742805352430",
        "type": "Start",
        "source": "0",
        "target": "1742805352430",
        "markerEnd": {
          "type": "arrowclosed",
          "width": 22,
          "height": 22
        },
        "sourceHandle": "0-source-1",
        "targetHandle": "1742805352430-target-2",
        "selected": false
      },
      {
        "type": "Transition",
        "id": "1742805339769-1742807862721",
        "source": "1742805339769",
        "target": "1742807862721",
        "markerEnd": {
          "type": "arrowclosed",
          "width": 22,
          "height": 22
        },
        "sourceHandle": "1742805339769-source-2",
        "targetHandle": "1742807862721-target-3",
        "selected": false
      },
      {
        "type": "Transition",
        "id": "1742805352430-1742807385327",
        "source": "1742805352430",
        "target": "1742807385327",
        "markerEnd": {
          "type": "arrowclosed",
          "width": 22,
          "height": 22
        },
        "sourceHandle": "1742805352430-source-3",
        "targetHandle": "1742807385327-target-2",
        "selected": false
      },
      {
        "type": "Transition",
        "id": "1742807385327-1742807406625",
        "source": "1742807385327",
        "target": "1742807406625",
        "markerEnd": {
          "type": "arrowclosed",
          "width": 22,
          "height": 22
        },
        "sourceHandle": "1742807385327-source-1",
        "targetHandle": "1742807406625-target-3",
        "selected": false
      },
      {
        "type": "Transition",
        "id": "1742807406625-1742805339769",
        "source": "1742807406625",
        "target": "1742805339769",
        "markerEnd": {
          "type": "arrowclosed",
          "width": 22,
          "height": 22
        },
        "sourceHandle": "1742807406625-source-2",
        "targetHandle": "1742805339769-target-3",
        "selected": false
      },
      {
        "type": "Transition",
        "id": "1742807862721-31866c30-0a27-444f-a4c4-79e661a4236d",
        "source": "1742807862721",
        "target": "31866c30-0a27-444f-a4c4-79e661a4236d",
        "markerEnd": {
          "type": "arrowclosed",
          "width": 22,
          "height": 22
        },
        "sourceHandle": "1742807862721-source-1",
        "targetHandle": "31866c30-0a27-444f-a4c4-79e661a4236d-target-2",
        "selected": false
      }
    ]
  }
}