{
  "_id": "0b42adf0-9388-4708-8388-719ecdf29d6c",
  "aiPersonaId": "a20a93db-5b48-4dd0-96cd-1a159a1ce7c6",
  "integrationId": "generate-document-summary-0857",
  "name": "Workflow for Generate Document Summary",
  "publisherAccountId": "afbe7883-070f-4170-8eb0-2d8b313852b4",
  "startTaskId": "1742801450519",
  "status": "Active",
  "tasks": [
    {
      "_id": "0d629863-4ff4-4338-8707-9e041e518104",
      "type": "Display",
      "config": {
        "description": "Display the response to the user",
        "name": "Display",
        "type": "text",
        "text": "$input.content",
        "formatVariables": []
      },
      "transitions": []
    },
    {
      "_id": "1742801450519",
      "type": "Loader",
      "config": {
        "description": "Show loading messages in conversation",
        "name": "Loader",
        "text": "Lets Get your Documents ready ,Preparing for Upload now."
      },
      "transitions": [
        {
          "name": "Default",
          "_id": "1742801450519-1742801464193",
          "nextTask": "1742801464193"
        }
      ]
    },
    {
      "_id": "1742801464193",
      "type": "DocumentUpload",
      "config": {
        "description": "Upload document",
        "name": "Upload Document ",
        "uploadTo": "conversation",
        "uploadMethod": "UserInput",
        "supportedFileTypes": [
          "pdf"
        ],
        "displayMessage": "I am ready ! , Please upload your financial documents"
      },
      "transitions": [
        {
          "name": "Default",
          "_id": "1742801464193-1742801551250",
          "nextTask": "1742801551250"
        }
      ],
      "globalVariables": [
        {
          "name": "documentId",
          "referencePath": "$output.documentId"
        }
      ]
    },
    {
      "_id": "1742801551250",
      "type": "DocumentToImage",
      "config": {
        "description": "Convert document to Images",
        "name": "Document To Image",
        "documentId": "$agent.documentId"
      },
      "transitions": [
        {
          "name": "Default",
          "_id": "1742801551250-1742801565223",
          "nextTask": "1742801565223"
        }
      ]
    },
    {
      "_id": "1742801565223",
      "type": "JSFunction",
      "config": {
        "description": "Execute JavaScript code",
        "name": "JavaScript",
        "snippetId": "3790e3c3-e322-4e67-926e-c39475362588"
      },
      "transitions": [
        {
          "name": "Default",
          "_id": "1742801565223-1742801595331",
          "nextTask": "1742801595331"
        }
      ]
    },
    {
      "_id": "1742801595331",
      "type": "Prompt",
      "config": {
        "description": "Prompt for LLM",
        "name": "Prompt",
        "modelId": "56feb720-adb7-464a-8e6b-fd79a510ba5b",
        "base64DocumentData": "",
        "documentIds": "$input.result",
        "responseFormat": "text",
        "query": "Generate summary of given document.",
        "systemPrompt": "You are an Al assistant specialized in summarizing legal documents, primarily contracts and agreements. Your task is to generate structured summaries, key action items, and simplified explanations in plain language.\n\nOutput Structure:\nBrief Summary - A concise overview of the document's purpose and key clauses.\nKey Action Items - Extracted obligations, deadlines, and responsibilities for involved parties.\nSimplified Explanation - A user-friendly breakdown of complex legal terms and clauses.\n\nGuidelines:\nMaintain accuracy while simplifying legal jargon.\nHighlight important clauses such as payment terms, obligations, termination conditions, and penalties.\nPresent information in bullet points for clarity.\nIf any section is unclear or missing details, indicate the ambiguity.\n\nYour goal is to make legal documents easier to understand and actionable while preserving essential details.",
        "temperature": null
      },
      "transitions": [
        {
          "name": "Default",
          "_id": "1742801595331-0d629863-4ff4-4338-8707-9e041e518104",
          "nextTask": "0d629863-4ff4-4338-8707-9e041e518104"
        }
      ]
    }
  ],
  "type": "Conversational",
  "version": "latest",
  "reactflow": {
    "viewport": {
      "x": 122.69372749058641,
      "y": 33.577448939503086,
      "zoom": 0.7020107963675999
    },
    "nodes": [
      {
        "id": "0",
        "type": "Start",
        "position": {
          "x": 278,
          "y": 118
        },
        "data": {},
        "deletable": false,
        "measured": {
          "width": 320,
          "height": 176
        },
        "selected": false
      },
      {
        "position": {
          "x": 1184.2131057152903,
          "y": 361.539053046327
        },
        "type": "Display",
        "id": "0d629863-4ff4-4338-8707-9e041e518104",
        "data": {},
        "measured": {
          "width": 298,
          "height": 78
        },
        "selected": false,
        "dragging": false
      },
      {
        "position": {
          "x": 278,
          "y": 368.6614506303405
        },
        "type": "Loader",
        "id": "1742801450519",
        "data": {},
        "measured": {
          "width": 320,
          "height": 78
        },
        "selected": false,
        "dragging": false
      },
      {
        "position": {
          "x": 307.91406985285676,
          "y": 539.8626770190127
        },
        "type": "DocumentUpload",
        "id": "1742801464193",
        "data": {},
        "measured": {
          "width": 260,
          "height": 78
        },
        "selected": false,
        "dragging": false
      },
      {
        "position": {
          "x": 771.3870055051233,
          "y": 494.27933248132615
        },
        "type": "DocumentToImage",
        "id": "1742801551250",
        "data": {},
        "measured": {
          "width": 277,
          "height": 78
        },
        "selected": false,
        "dragging": false
      },
      {
        "position": {
          "x": 779.9338826059396,
          "y": 361.539053046327
        },
        "type": "JSFunction",
        "id": "1742801565223",
        "data": {},
        "measured": {
          "width": 260,
          "height": 78
        },
        "selected": false,
        "dragging": false
      },
      {
        "position": {
          "x": 779.9338826059396,
          "y": 233.09375420163246
        },
        "type": "Prompt",
        "id": "1742801595331",
        "data": {},
        "measured": {
          "width": 260,
          "height": 78
        },
        "selected": false,
        "dragging": false
      }
    ],
    "edges": [
      {
        "id": "0-1742801450519",
        "type": "Start",
        "source": "0",
        "target": "1742801450519",
        "markerEnd": {
          "type": "arrowclosed",
          "width": 22,
          "height": 22
        },
        "sourceHandle": "0-source-1",
        "targetHandle": "1742801450519-target-2",
        "selected": false
      },
      {
        "type": "Transition",
        "id": "1742801450519-1742801464193",
        "source": "1742801450519",
        "target": "1742801464193",
        "markerEnd": {
          "type": "arrowclosed",
          "width": 22,
          "height": 22
        },
        "sourceHandle": "1742801450519-source-3",
        "targetHandle": "1742801464193-target-2",
        "selected": false
      },
      {
        "type": "Transition",
        "id": "1742801464193-1742801551250",
        "source": "1742801464193",
        "target": "1742801551250",
        "markerEnd": {
          "type": "arrowclosed",
          "width": 22,
          "height": 22
        },
        "sourceHandle": "1742801464193-source-1",
        "targetHandle": "1742801551250-target-1",
        "selected": false
      },
      {
        "type": "Transition",
        "id": "1742801551250-1742801565223",
        "source": "1742801551250",
        "target": "1742801565223",
        "markerEnd": {
          "type": "arrowclosed",
          "width": 22,
          "height": 22
        },
        "sourceHandle": "1742801551250-source-2",
        "targetHandle": "1742801565223-target-3",
        "selected": false
      },
      {
        "type": "Transition",
        "id": "1742801565223-1742801595331",
        "source": "1742801565223",
        "target": "1742801595331",
        "markerEnd": {
          "type": "arrowclosed",
          "width": 22,
          "height": 22
        },
        "sourceHandle": "1742801565223-source-2",
        "targetHandle": "1742801595331-target-3",
        "selected": false
      },
      {
        "type": "Transition",
        "id": "1742801595331-0d629863-4ff4-4338-8707-9e041e518104",
        "source": "1742801595331",
        "target": "0d629863-4ff4-4338-8707-9e041e518104",
        "markerEnd": {
          "type": "arrowclosed",
          "width": 22,
          "height": 22
        },
        "sourceHandle": "1742801595331-source-1",
        "targetHandle": "0d629863-4ff4-4338-8707-9e041e518104-target-1",
        "selected": false
      }
    ]
  }
}