{
  "_id": "1220afcb-625d-40c3-879a-7c353a87b00c",
  "aiPersonaId": "a20a93db-5b48-4dd0-96cd-1a159a1ce7c6",
  "integrationId": "ma-document-summarization-0843-primary-workflow-for-document-summarization",
  "isMiniAgentPrimaryWorkflow": true,
  "name": "Primary Workflow for Document Summarization",
  "publisherAccountId": "afbe7883-070f-4170-8eb0-2d8b313852b4",
  "startTaskId": "0b759ab2-8b24-4c3e-93b4-31546653b87b",
  "status": "Active",
  "tasks": [
    {
      "_id": "0b759ab2-8b24-4c3e-93b4-31546653b87b",
      "type": "PassThrough",
      "config": {
        "name": "Pass Through",
        "description": "Pass through the input to the output"
      },
      "transitions": [
        {
          "_id": "0093f7ad-ea5f-425b-b528-10844894944e-0b759ab2-8b24-4c3e-93b4-31546653b87b",
          "nextTask": "0093f7ad-ea5f-425b-b528-10844894944e",
          "name": "If query doesnt exists",
          "rules": [
            {
              "type": "any",
              "operator": "notExists",
              "path": "$output.query"
            }
          ]
        },
        {
          "_id": "0b233dc7-0ba4-4f91-bd9a-274529e5f679-0b759ab2-8b24-4c3e-93b4-31546653b87b",
          "nextTask": "0b233dc7-0ba4-4f91-bd9a-274529e5f679",
          "name": "If intents are already classified",
          "rules": [
            {
              "type": "any",
              "operator": "exists",
              "path": "$output.intents"
            },
            {
              "type": "any",
              "operator": "exists",
              "path": "$output.query"
            }
          ]
        },
        {
          "_id": "0b759ab2-8b24-4c3e-93b4-31546653b87b-a1ed5766-39b2-4578-a7f1-72ad538f73b7",
          "name": "If query exists",
          "nextTask": "a1ed5766-39b2-4578-a7f1-72ad538f73b7",
          "rules": [
            {
              "type": "any",
              "operator": "exists",
              "path": "$output.query"
            },
            {
              "type": "any",
              "operator": "notExists",
              "path": "$output.intents"
            }
          ]
        }
      ],
      "globalVariables": [
        {
          "name": "query",
          "referencePath": "$input.query"
        },
        {
          "name": "conversationId",
          "referencePath": "$input.conversationId"
        }
      ]
    },
    {
      "_id": "0093f7ad-ea5f-425b-b528-10844894944e",
      "type": "Input",
      "config": {
        "name": "User Input",
        "description": "Get user input",
        "type": "string"
      },
      "transitions": [
        {
          "_id": "0093f7ad-ea5f-425b-b528-10844894944e-a1ed5766-39b2-4578-a7f1-72ad538f73b7",
          "name": "Default",
          "nextTask": "a1ed5766-39b2-4578-a7f1-72ad538f73b7"
        }
      ],
      "globalVariables": [
        {
          "name": "query",
          "referencePath": "$output.userInput"
        },
        {
          "name": "selfLoopMiniAgent",
          "referencePath": "true"
        }
      ]
    },
    {
      "_id": "a1ed5766-39b2-4578-a7f1-72ad538f73b7",
      "type": "Loader",
      "config": {
        "name": "Loader",
        "description": "Display loader message",
        "type": "loader",
        "text": "Just a moment... identifying the best approach to assist you."
      },
      "transitions": [
        {
          "_id": "a1ed5766-39b2-4578-a7f1-72ad538f73b7-8a601c20-9b22-4494-b1a7-bc61f7841f1b",
          "name": "Default",
          "nextTask": "8a601c20-9b22-4494-b1a7-bc61f7841f1b"
        }
      ]
    },
    {
      "_id": "8a601c20-9b22-4494-b1a7-bc61f7841f1b",
      "type": "IntentClassification",
      "config": {
        "name": "Intent Classification",
        "description": "Classify the intent of the user message",
        "modelId": "4cf651d9-edf3-455f-a22e-53cc67fcc07b",
        "intents": [
          {
            "name": "Generate Document Summary",
            "description": "Processes financial contract documents to extract essential information and produce a concise and clear summary. This includes identifying key terms, obligations, and important clauses within the document.",
            "examples": [
              "Summarize this loan agreement for me.",
              "Can you provide a simplified summary of this investment contract?",
              "What are the key points in this insurance policy?"
            ]
          }
        ],
        "query": "$agent.query"
      },
      "transitions": [
        {
          "_id": "8a601c20-9b22-4494-b1a7-bc61f7841f1b-0b233dc7-0ba4-4f91-bd9a-274529e5f679",
          "name": "If Intent is Matched",
          "rules": [
            {
              "type": "string",
              "operator": "equal",
              "path": "$output.intentMatched",
              "value": "true"
            }
          ],
          "nextTask": "0b233dc7-0ba4-4f91-bd9a-274529e5f679"
        },
        {
          "_id": "8a601c20-9b22-4494-b1a7-bc61f7841f1b-b265a655-2fa3-4d2e-bcc1-2b9848b18eb8",
          "name": "If No Intent is Matched",
          "rules": [
            {
              "type": "string",
              "operator": "equal",
              "path": "$output.intentMatched",
              "value": "false"
            }
          ],
          "nextTask": "b265a655-2fa3-4d2e-bcc1-2b9848b18eb8"
        }
      ]
    },
    {
      "_id": "0b233dc7-0ba4-4f91-bd9a-274529e5f679",
      "type": "JSFunction",
      "config": {
        "name": "JS Function",
        "description": "Execute JS function",
        "code": "\nconst main = () => {\n    const currentExecutionId = _id;\n    const intents = agent?.icIntents?.[currentExecutionId] || input.intents;\n    const currentIndex = agent?.icLoopIndexes?.[currentExecutionId] || 0;\n    const currentIntent = intents[currentIndex] || {};\n    const { intent, task } = currentIntent;\n    const state = currentIndex === intents.length ? 'end' : 'continue'\n    const icLoopIndexes = { ...(agent?.icLoopIndexes || {}), [_id]: state === 'end' ? undefined : currentIndex + 1 };\n    const icIntents = { ...(agent?.icIntents || {}), [_id]: state === 'end' ? undefined : intents };\n    return { ...input, intent, state: currentIndex === intents.length ? 'end' : 'continue', icLoopIndexes, icIntents, query: task };\n};\n\nmain()\n"
      },
      "globalVariables": [
        {
          "referencePath": "$output.icLoopIndexes",
          "name": "icLoopIndexes"
        },
        {
          "referencePath": "$output.icIntents",
          "name": "icIntents"
        }
      ],
      "transitions": [
        {
          "_id": "0b233dc7-0ba4-4f91-bd9a-274529e5f679-6f137d8c-21d4-4d2d-9db0-0449d3c8c3f5",
          "name": "If Intent is Matched",
          "rules": [
            {
              "type": "string",
              "operator": "equal",
              "path": "$output.intent",
              "value": "Generate Document Summary"
            }
          ],
          "nextTask": "6f137d8c-21d4-4d2d-9db0-0449d3c8c3f5"
        },
        {
          "_id": "0b233dc7-0ba4-4f91-bd9a-274529e5f679-0093f7ad-ea5f-425b-b528-10844894944e",
          "name": "If Self Loop",
          "rules": [
            {
              "type": "string",
              "operator": "equal",
              "path": "$agent.selfLoopMiniAgent",
              "value": "true"
            },
            {
              "type": "string",
              "operator": "equal",
              "path": "$output.state",
              "value": "end"
            }
          ],
          "nextTask": "0093f7ad-ea5f-425b-b528-10844894944e"
        }
      ]
    },
    {
      "_id": "6f137d8c-21d4-4d2d-9db0-0449d3c8c3f5",
      "type": "Workflow",
      "config": {
        "name": "Intent - Generate Document Summary",
        "description": "Workflow for intent - Generate Document Summary",
        "workflowId": "0b42adf0-9388-4708-8388-719ecdf29d6c"
      },
      "transitions": [
        {
          "_id": "6f137d8c-21d4-4d2d-9db0-0449d3c8c3f5-0b233dc7-0ba4-4f91-bd9a-274529e5f679",
          "name": "Mini agent execution completed",
          "nextTask": "0b233dc7-0ba4-4f91-bd9a-274529e5f679"
        }
      ]
    },
    {
      "_id": "b265a655-2fa3-4d2e-bcc1-2b9848b18eb8",
      "transitions": [
        {
          "_id": "b265a655-2fa3-4d2e-bcc1-2b9848b18eb8-0093f7ad-ea5f-425b-b528-10844894944e",
          "name": "If Self Loop",
          "rules": [
            {
              "type": "string",
              "operator": "equal",
              "path": "$agent.selfLoopMiniAgent",
              "value": "true"
            }
          ],
          "nextTask": "0093f7ad-ea5f-425b-b528-10844894944e"
        }
      ],
      "type": "Output",
      "config": {
        "name": "Output",
        "description": "Output the response to the user",
        "type": "external",
        "text": "Unable to complete task $agent.query"
      }
    },
    {
      "_id": "244170c6-6e85-44dc-bccd-fa9569382df4",
      "transitions": [
        {
          "_id": "244170c6-6e85-44dc-bccd-fa9569382df4-0093f7ad-ea5f-425b-b528-10844894944e",
          "name": "If Self Loop",
          "rules": [
            {
              "type": "string",
              "operator": "equal",
              "path": "$agent.selfLoopMiniAgent",
              "value": "true"
            }
          ],
          "nextTask": "0093f7ad-ea5f-425b-b528-10844894944e"
        }
      ],
      "type": "Display",
      "config": {
        "name": "Display",
        "description": "Display the response to the user",
        "type": "text",
        "text": "$input.content"
      }
    }
  ],
  "type": "Conversational",
  "version": "latest"
}